ID,TargetF1,TargetRAUC
ID_E760D84B,0,0.22728155339805825
ID_6EDEA907,1,0.44427184466019415
ID_B9FFC8D8,1,0.3569902912621359
ID_74C6C94E,0,0.14533980582524272
ID_0E02825D,1,0.5703883495145631
ID_DA1C6468,1,0.4659223300970874
ID_82EBD610,1,0.2975728155339806
ID_791C412A,1,0.9013592233009708
ID_8FB9365C,1,0.5455339805825242
ID_724491A7,1,0.33349514563106797
ID_95C83AE3,1,0.4231067961165048
ID_6650ABA4,1,0.693495145631068
ID_92412BFC,1,0.9374757281553399
ID_257F4327,1,0.9079611650485437
ID_CD7A50F0,1,0.7455339805825244
ID_8A80F1B6,1,0.6935922330097088
ID_90DB7797,1,0.6580582524271845
ID_4FF46045,1,0.5037864077669904
ID_33E6AFA0,0,0.14679611650485436
ID_FF308DAB,1,0.49669902912621366
ID_E6335ACF,1,0.7081553398058252
ID_00A5C192,1,0.9293203883495146
ID_C644EA64,1,0.575631067961165
ID_B922D5B3,1,0.49456310679611654
ID_4922E479,1,0.4869902912621359
ID_1B6F3B46,1,0.6972815533980582
ID_1E3C23E7,1,0.7377669902912621
ID_C9E61B00,1,0.8047572815533981
ID_3A4C3214,1,0.9733980582524272
ID_B70DC075,1,0.9837864077669903
ID_37FEC45E,1,0.9836893203883494
ID_04E5F26F,1,0.9973786407766991
ID_CED509CF,1,0.9630097087378641
ID_DCD98292,1,0.5186407766990291
ID_FEFAA255,1,0.5358252427184466
ID_1C24DA16,1,0.7314563106796116
ID_0FB18B11,1,0.9766019417475729
ID_EB1ED24C,1,0.9513592233009709
ID_E987B903,1,0.30640776699029126
ID_F1BC780A,1,0.9677669902912622
ID_BA6C0C58,1,0.7699029126213592
ID_A7CB9837,0,0.22097087378640776
ID_5FCD1EA3,0,0.11427184466019416
ID_81A71445,1,0.7249514563106796
ID_667AEDE0,0,0.18029126213592234
ID_2321FB97,1,0.7283495145631068
ID_4738ABDA,1,0.8932038834951455
ID_6DF23A45,0,0.16067961165048542
ID_5033C878,1,0.8664077669902912
ID_64691B48,0,0.0721359223300971
ID_B7A3CC04,0,0.20388349514563106
ID_B2F4942A,0,0.16747572815533981
ID_4DA54BA7,0,0.2519417475728155
ID_37CDF050,0,0.10252427184466019
ID_BF308F64,0,0.17834951456310683
ID_23C954B8,1,0.424757281553398
ID_2CAB42BB,0,0.20271844660194177
ID_28FC36FB,0,0.09029126213592233
ID_E9FB2EE0,0,0.1420388349514563
ID_40E0E560,0,0.22388349514563108
ID_6390D5E3,1,0.3620388349514563
ID_14816EA6,0,0.20359223300970872
ID_0BA591EF,0,0.1878640776699029
ID_3FE2AD00,1,0.5139805825242718
ID_ECE8827F,1,0.923009708737864
ID_E8447477,1,0.9725242718446602
ID_FC0EEFB3,1,0.3737864077669903
ID_C04F966D,1,0.3407766990291262
ID_8A1BB4B5,1,0.6491262135922329
ID_8F7535A8,1,0.9705825242718447
ID_F0E81248,1,0.34320388349514563
ID_BEE12475,1,0.9471844660194175
ID_3C31D099,1,0.9735922330097087
ID_9251B100,1,0.8208737864077671
ID_9B7CB467,1,0.8863106796116504
ID_1361BD75,0,0.21640776699029127
ID_794D8957,1,0.9090291262135922
ID_DFEC4687,1,0.9729126213592233
ID_2942441F,1,0.9446601941747572
ID_A0D3A8EC,1,0.8945631067961165
ID_4B2DB0F9,0,0.241747572815534
ID_D84255BD,1,0.42941747572815536
ID_6AAEAE8D,1,0.9781553398058253
ID_85FA5EED,1,0.4585436893203883
ID_8AEFEADB,1,0.9403883495145631
ID_019770DF,1,0.9725242718446603
ID_993EA802,0,0.24689320388349512
ID_84316E57,1,0.8692233009708739
ID_B05DFB77,1,0.9611650485436893
ID_8DF97D0F,1,0.9645631067961166
ID_7E9F2BAA,0,0.17368932038834953
ID_68029D80,1,0.9519417475728155
ID_85B6C676,0,0.2155339805825243
ID_DF32D72E,1,0.5107766990291263
ID_471C11AC,1,0.7998058252427184
ID_4C672D7E,1,0.44155339805825244
ID_2B9DF127,1,0.9554368932038835
ID_1F7E202E,1,0.957378640776699
ID_EEFE9B75,1,0.7370873786407767
ID_D12EA07C,0,0.07320388349514564
ID_88FCF4B6,1,0.7935922330097087
ID_6E5C17E5,1,0.8196116504854368
ID_F59245FC,1,0.9350485436893204
ID_0562A431,0,0.22563106796116505
ID_56C774E2,1,0.8977669902912622
ID_C640170D,1,0.9263106796116505
ID_A2C7F38C,1,0.9285436893203883
ID_032EDDF5,1,0.39864077669902914
ID_3DAA458C,1,0.7749514563106796
ID_9435A135,1,0.6397087378640777
ID_532CCEE8,1,0.9902912621359223
ID_AA78D0D0,1,0.9523300970873787
ID_02E167CB,1,0.9670873786407768
ID_B366A33F,1,0.9893203883495145
ID_3C0F4D77,1,0.7362135922330098
ID_96239BA8,1,0.7308737864077671
ID_AF250671,1,0.9759223300970874
ID_7FA74CD1,1,0.9844660194174758
ID_7FF7F248,1,0.3646601941747573
ID_F128076E,1,0.9529126213592234
ID_F6CE2E6C,1,0.8752427184466021
ID_CD783113,1,0.9934951456310679
ID_401F6ED7,1,0.9595145631067961
ID_051CB1D1,1,0.9607766990291262
ID_4E257780,0,0.15436893203883495
ID_32418073,1,0.9504854368932039
ID_D45A4EFA,0,0.30145631067961165
ID_962FAE12,1,0.512621359223301
ID_6926B74B,1,0.8757281553398057
ID_874FD745,1,0.6185436893203884
ID_FE70B6E0,0,0.25650485436893206
ID_8F1B3020,0,0.1812621359223301
ID_BE933B4B,1,0.742621359223301
ID_1D341F7C,1,0.8728155339805825
ID_5F4441FC,1,0.3533009708737864
ID_877F9101,1,0.9150485436893204
ID_4B0D8A92,1,0.43621359223300965
ID_E8F4B53D,1,0.6278640776699028
ID_3ADC768C,0,0.19116504854368932
ID_90EA271F,1,0.8785436893203883
ID_5537F205,1,0.3804854368932039
ID_0772B55B,0,0.18893203883495147
ID_76953BF3,1,0.3786407766990292
ID_DB7EA21E,0,0.26029126213592235
ID_371647D8,1,0.3450485436893204
ID_719B8D99,0,0.2862135922330097
ID_A9C9D49D,0,0.2254368932038835
ID_199BF069,1,0.48
ID_72A59036,0,0.08252427184466021
ID_4B36C7FA,1,0.7739805825242719
ID_70F36923,0,0.03902912621359223
ID_3F5AD800,0,0.22048543689320388
ID_6C598A9B,0,0.14932038834951455
ID_7E71F6C6,1,0.35378640776699033
ID_EB7B1BD7,1,0.9107766990291262
ID_B8433149,1,0.4072815533980582
ID_65400720,1,0.5302912621359224
ID_F7F14A13,1,0.9554368932038835
ID_46F83BA8,0,0.27310679611650485
ID_61AAA409,1,0.8590291262135923
ID_4B3075F5,1,0.9443689320388349
ID_6E2E13F5,1,0.32999999999999996
ID_EE74BE9C,0,0.29339805825242715
ID_2F932C81,1,0.6613592233009707
ID_B7A07307,0,0.2866990291262136
ID_3A6CEA33,1,0.8561165048543691
ID_26D068A6,1,0.8751456310679611
ID_62D6E61B,1,0.9399029126213592
ID_8333AF2A,1,0.9323300970873787
ID_EF55E066,1,0.31097087378640775
ID_E46278DA,1,0.9164077669902913
ID_5567010E,1,0.9133980582524273
ID_682474AC,1,0.8089320388349514
ID_F97320F6,1,0.8929126213592233
ID_1C986462,1,0.89
ID_27318359,1,0.9372815533980583
ID_222270DC,1,0.9567961165048543
ID_52DEE93A,1,0.3031067961165049
ID_5FBD00D7,1,0.3724271844660194
ID_9C9B5558,1,0.9427184466019417
ID_532A51AC,1,0.42271844660194174
ID_97B1AD5B,0,0.3066019417475728
ID_056ADE94,1,0.3434951456310679
ID_FBAA0AD5,1,0.43048543689320384
ID_2361B215,1,0.7159223300970874
ID_AE60B971,1,0.4722330097087379
ID_0DA0353F,1,0.8720388349514563
ID_5C28F7B4,1,0.7971844660194174
ID_9E57007E,1,0.8100970873786408
ID_B5E06820,1,0.38281553398058255
ID_70A6F678,1,0.4703883495145631
ID_3EEFB9A3,1,0.7735922330097088
ID_E1AF8A93,1,0.8730097087378641
ID_7EB7C52F,0,0.29087378640776707
ID_5725278D,1,0.5823300970873786
ID_A684C083,1,0.9498058252427185
ID_CFF6D4D0,1,0.3978640776699029
ID_EA510978,1,0.9668932038834952
ID_109BC4B4,1,0.9422330097087379
ID_B841EDCE,1,0.48572815533980584
ID_990D7AA6,1,0.995631067961165
ID_D38EE3ED,1,0.6435922330097086
ID_FBA0B573,1,0.32543689320388347
ID_13B4C990,1,0.3044660194174757
ID_9CAB28AC,1,0.6462135922330097
ID_123A6C18,1,0.8930097087378641
ID_93C780E9,1,0.8433009708737863
ID_18B398CF,1,0.7128155339805825
ID_F41DBBC5,1,0.8860194174757282
ID_A6E2BDB2,1,0.8900970873786407
ID_1746BF7E,1,0.8704854368932039
ID_9EEC3A93,1,0.8355339805825243
ID_1E192E61,1,0.38058252427184464
ID_5AC55F7F,1,0.7879611650485439
ID_9D362AC5,1,0.4090291262135922
ID_1275E770,1,0.965631067961165
ID_F43E568D,1,0.9802912621359223
ID_E7DB224A,1,0.9813592233009708
ID_713D4B6F,1,0.9806796116504854
ID_42C9E95A,1,0.8045631067961164
ID_14555504,1,0.7093203883495145
ID_FAB43532,1,0.875631067961165
ID_9A78E971,0,0.13417475728155343
ID_948A28A2,1,0.9153398058252427
ID_5BCEC81D,1,0.8461165048543688
ID_FF8E2666,1,0.7006796116504853
ID_4B87620A,0,0.13446601941747574
ID_0E1B50C7,1,0.958640776699029
ID_773026A8,0,0.13621359223300972
ID_786C9CA9,1,0.3224271844660194
ID_9A4B8C5D,1,0.7133009708737864
ID_49927622,1,0.3297087378640777
ID_87280DBC,1,0.9834951456310681
ID_1AA72786,1,0.3131067961165049
ID_B9B800E4,1,0.8990291262135922
ID_F5E9FDA7,1,0.9209708737864076
ID_00C07212,0,0.24980582524271844
ID_7192AC47,0,0.2254368932038835
ID_840B6CE1,1,0.7875728155339806
ID_7A33DEB0,1,0.32407766990291265
ID_9342D705,1,0.8986407766990292
ID_8911C6F3,1,0.2929126213592233
ID_01EE4352,1,0.44582524271844665
ID_392ED006,0,0.2562135922330097
ID_7D020A3E,1,0.9106796116504854
ID_2D47B733,1,0.4102912621359224
ID_E09C36B0,0,0.289126213592233
ID_5AAD02C3,1,0.9274757281553399
ID_544FBFA3,1,0.7501941747572816
ID_78523CE4,1,0.9714563106796117
ID_2C0D9992,1,0.8966019417475729
ID_1D19FEA3,0,0.2253398058252427
ID_C0A344A2,1,0.32436893203883493
ID_BB944785,1,0.9575728155339805
ID_8570E515,0,0.19747572815533979
ID_63F6942D,0,0.1612621359223301
ID_47DBCF7F,1,0.9465048543689321
ID_936F5D06,1,0.4381553398058252
ID_7DEFA08D,1,0.9583495145631068
ID_0C58A90D,1,0.9627184466019416
ID_DC0FBDBA,0,0.16359223300970874
ID_81632C01,0,0.11708737864077672
ID_FAD9AB1A,0,0.09757281553398058
ID_091374DA,1,0.8685436893203883
ID_C304B191,0,0.0887378640776699
ID_8FA929D9,1,0.776504854368932
ID_41F626A9,0,0.17466019417475728
ID_F2CDE152,1,0.6949514563106797
ID_9939F007,0,0.11611650485436892
ID_91EF5C97,0,0.11184466019417476
ID_4E899BF0,1,0.36514563106796116
ID_C934BA5F,1,0.6783495145631067
ID_15900459,1,0.7620388349514563
ID_5B3B35D8,1,0.8972815533980583
ID_B8111312,1,0.7960194174757282
ID_3B0EFBAB,1,0.33776699029126217
ID_D7816F53,0,0.24718446601941746
ID_C4FA9A63,0,0.24155339805825243
ID_689E3F3C,1,0.7819417475728155
ID_CA06AE89,0,0.11699029126213593
ID_B2C94A50,1,0.4121359223300971
ID_21E01D6F,0,0.08747572815533981
ID_5A2EA94E,1,0.6167961165048544
ID_7F5CD946,1,0.3245631067961165
ID_8B0BBB9A,1,0.4503883495145631
ID_BA99B0DF,0,0.16058252427184466
ID_F408FBA7,0,0.26184466019417474
ID_AF0F2F12,0,0.09757281553398058
ID_1870213C,1,0.3896116504854369
ID_2874319C,1,0.29640776699029125
ID_2755AA0D,1,0.35262135922330096
ID_3CFB1830,1,0.3266990291262136
ID_CE98E9D2,1,0.9140776699029125
ID_7C5BF1F8,1,0.4118446601941747
ID_49686BE8,1,0.8997087378640777
ID_B49D4FD7,1,0.8805825242718447
ID_65E962DA,1,0.9258252427184466
ID_0CE994FA,1,0.8628155339805825
ID_EABB3781,0,0.27864077669902915
ID_0CF208A1,0,0.2644660194174757
ID_6FDB0FE5,1,0.8905825242718447
ID_1654D304,1,0.8253398058252428
ID_E21149F8,1,0.7928155339805825
ID_472E6965,0,0.27388349514563104
ID_EE3D2F76,1,0.8439805825242719
ID_E2FB9F7C,1,0.7977669902912622
ID_81E96BF3,0,0.08067961165048544
ID_B1BB9AEA,1,0.36126213592233014
ID_D0FB9038,0,0.0170873786407767
ID_9B37F983,1,0.848252427184466
ID_F3D0FD01,1,0.928252427184466
ID_1DE98600,0,0.16330097087378642
ID_6D8EA30A,1,0.8346601941747572
ID_30C55FE3,0,0.07640776699029127
ID_E17E370A,1,0.7415533980582525
ID_2C45D8AB,1,0.8516504854368933
ID_33082C3E,1,0.8785436893203884
ID_B1B3A6F0,1,0.603495145631068
ID_44FA87BB,1,0.8032038834951456
ID_E6B1C982,1,0.8115533980582526
ID_76BABA2F,1,0.7824271844660194
ID_A53937E5,1,0.8051456310679612
ID_3422A1CA,1,0.3800970873786408
ID_56D6B46F,1,0.8607766990291261
ID_D35FCDC2,1,0.6232038834951455
ID_11DC963B,1,0.897378640776699
ID_F9664879,1,0.7236893203883495
ID_0299D0E8,1,0.8434951456310679
ID_BFCFB4B3,1,0.6889320388349514
ID_CDADA7CA,0,0.07466019417475728
ID_2E63E38C,0,0.04699029126213592
ID_5188D2A4,1,0.8385436893203884
ID_97CF6588,1,0.8685436893203883
ID_E1F7EB72,0,0.24398058252427185
ID_737BBF10,0,0.15902912621359222
ID_4CFAC288,0,0.24310679611650488
ID_B8A06CE5,1,0.6948543689320389
ID_26F5D73F,1,0.31417475728155336
ID_7B1FF645,1,0.8807766990291263
ID_2EC547B4,1,0.44310679611650483
ID_D24ACDA6,1,0.9535922330097087
ID_F1B7203B,0,0.19436893203883493
ID_7FAC693D,1,0.840873786407767
ID_E591B3CD,0,0.055436893203883494
ID_AAE6FAD1,1,0.7550485436893204
ID_AA649819,1,0.7855339805825242
ID_9EC112E0,1,0.9504854368932039
ID_F41271B0,1,0.6880582524271844
ID_5091E3FA,1,0.4232038834951456
ID_54B881C5,1,0.8042718446601942
ID_F544D34A,0,0.16436893203883493
ID_42078A4F,1,0.7048543689320388
ID_3206C9FE,1,0.3475728155339806
ID_B3D6AE03,1,0.8037864077669903
ID_882B591B,1,0.8575728155339806
ID_AAD80969,0,0.04407766990291262
ID_0E971FAE,0,0.0570873786407767
ID_C6D1DF0F,0,0.08155339805825242
ID_28DBEBF9,0,0.024077669902912623
ID_076A5F43,0,0.18563106796116505
ID_36C8AF99,1,0.7007766990291262
ID_64EF7896,0,0.018737864077669905
ID_2AC9E359,1,0.7240776699029126
ID_F614A63A,0,0.18097087378640778
ID_563DBABA,1,0.9056310679611651
ID_EB1FA3B5,0,0.09223300970873786
ID_9A01F83E,1,0.8032038834951457
ID_A74C59C8,0,0.2870873786407767
ID_DD58175D,1,0.35766990291262135
ID_382F9997,1,0.7107766990291261
ID_35848939,1,0.36679611650485433
ID_E9B2D588,0,0.15737864077669902
ID_B03843C1,1,0.9180582524271845
ID_303B4B7F,1,0.8070873786407766
ID_099199E9,0,0.1428155339805825
ID_DC87A899,0,0.08271844660194175
ID_79378933,1,0.3380582524271845
ID_41F3F0DB,1,0.849126213592233
ID_968D52A6,0,0.2612621359223301
ID_CAB0FF2A,0,0.09776699029126212
ID_DCEF8419,0,0.12291262135922329
ID_CE63260A,0,0.27475728155339807
ID_DE436165,1,0.8901941747572816
ID_E608D60B,0,0.019223300970873786
ID_E8E1FBD7,1,0.6994174757281553
ID_1E498B57,0,0.03553398058252427
ID_B451EEA7,1,0.786116504854369
ID_7377A417,1,0.3845631067961165
ID_EBCDB127,1,0.8370873786407766
ID_B1B6D17D,0,0.2797087378640777
ID_463ACCCC,0,0.24990291262135922
ID_4B6C020F,1,0.8328155339805825
ID_50DE2099,0,0.2794174757281553
ID_BF9E62F4,1,0.7470873786407767
ID_302B988D,1,0.3706796116504854
ID_6D313E5B,1,0.8168932038834952
ID_F6EA2C0C,1,0.8275728155339805
ID_B754479B,1,0.3637864077669903
ID_49D7DA98,0,0.09679611650485437
ID_FA11B039,0,0.14058252427184467
ID_A94E4ABD,1,0.5003883495145631
ID_89069D96,0,0.2225242718446602
ID_3BE6B468,1,0.7716504854368932
ID_F21D2629,1,0.788252427184466
ID_9DFD825B,0,0.10883495145631068
ID_987CE5E3,1,0.34320388349514563
ID_C21041C9,1,0.8457281553398058
ID_F8E7863F,1,0.34446601941747573
ID_3085B625,1,0.9824271844660194
ID_91A23E88,1,0.7664077669902913
ID_3FCC2A69,1,0.6328155339805824
ID_A873FF56,1,0.9109708737864078
ID_EEC09DEC,1,0.8897087378640777
ID_09CE5707,1,0.9167961165048545
ID_3CFCFF9A,1,0.8914563106796115
ID_B2346D84,1,0.894757281553398
ID_09C6FE91,1,0.8113592233009709
ID_94B070D2,0,0.19223300970873786
ID_9FA29A95,0,0.14466019417475728
ID_F1090F03,1,0.8064077669902913
ID_99156C00,1,0.8136893203883495
ID_8BA9045C,1,0.7522330097087379
ID_CDA60986,0,0.036213592233009705
ID_AAB574B6,1,0.9116504854368932
ID_7A1B5366,1,0.7847572815533981
ID_8D5815FA,1,0.4125242718446602
ID_8BEFF27C,1,0.8023300970873787
ID_CBD940F9,1,0.9367961165048544
ID_58F1C5F5,1,0.6157281553398058
ID_F8E7705D,1,0.37524271844660195
ID_7E02C17F,1,0.7588349514563106
ID_B8346107,0,0.035048543689320394
ID_3BA5F88C,1,0.7453398058252427
ID_46928C1A,1,0.7333009708737864
ID_45094378,1,0.6621359223300971
ID_F3BDB14E,0,0.3167961165048544
ID_8C7E82F8,1,0.6053398058252427
ID_356EBF60,1,0.8735922330097088
ID_DACBBD85,0,0.029223300970873792
ID_BFE0234F,1,0.7924271844660195
ID_EB18A321,0,0.0845631067961165
ID_A6D702B7,1,0.8695145631067962
ID_04DD0D77,1,0.5138834951456311
ID_BB01F488,0,0.14970873786407765
ID_AECECAA4,1,0.569126213592233
ID_2319E085,1,0.9058252427184467
ID_6DD27B4F,1,0.8466019417475729
ID_77C92125,1,0.7566019417475728
ID_E9985D15,1,0.33300970873786406
ID_229F1917,1,0.895242718446602
ID_7AE3CAC6,1,0.9197087378640777
ID_25F697A3,1,0.645631067961165
ID_A571168B,1,0.8563106796116506
ID_B2DA3DCC,0,0.14349514563106797
ID_754FBABE,1,0.866504854368932
ID_5032173B,1,0.5936893203883494
ID_F8CF01E9,1,0.7712621359223301
ID_77AD88EC,1,0.8705825242718448
ID_C59E900F,1,0.3032038834951456
ID_618B9562,1,0.8481553398058252
ID_46524AA7,0,0.15135922330097087
ID_DBED9C34,1,0.7100970873786407
ID_E2F592AB,0,0.017669902912621358
ID_13763A0A,1,0.6706796116504854
ID_6584C399,1,0.8540776699029127
ID_027D1FF2,0,0.20902912621359224
ID_7CFBC22D,1,0.666893203883495
ID_C06834DA,0,0.10262135922330098
ID_FE0FF944,1,0.5988349514563107
ID_7FCD47D2,1,0.8524271844660194
ID_BBF62A0C,1,0.7485436893203884
ID_E906B3CB,1,0.6910679611650484
ID_285B477A,1,0.6955339805825244
ID_16485879,1,0.6594174757281553
ID_675FC7FA,1,0.7036893203883495
ID_DE9EE061,1,0.8584466019417476
ID_FA196174,1,0.8144660194174758
ID_0BB3B2EB,1,0.6700970873786408
ID_AD37D05E,1,0.7411650485436893
ID_54C88E9E,0,0.28631067961165046
ID_3F138D6C,0,0.20300970873786406
ID_88CAE640,0,0.19067961165048541
ID_96774B0A,0,0.1916504854368932
ID_5F993DC3,1,0.8150485436893204
ID_2966F18D,1,0.5167961165048544
ID_A77318D0,1,0.6478640776699028
ID_1C8C238A,1,0.8350485436893205
ID_EAF569D4,0,0.15776699029126212
ID_1021C45E,1,0.3462135922330097
ID_CB5F44E3,0,0.14009708737864077
ID_F938B1E1,1,0.38825242718446606
ID_813F55CD,0,0.014174757281553398
ID_3EC7D5AE,1,0.8081553398058253
ID_71064EC1,1,0.7763106796116505
ID_E920C61F,1,0.9662135922330097
ID_1154F4ED,0,0.1766990291262136
ID_6D6AD6DD,0,0.25669902912621356
ID_69B133D7,0,0.25223300970873785
ID_226E739C,1,0.32902912621359226
ID_5EB384E7,0,0.07378640776699029
ID_343AF679,0,0.13223300970873786
ID_A66A7B54,1,0.66873786407767
ID_10686B68,0,0.08553398058252427
ID_51F0EEF9,1,0.7769902912621358
ID_35136830,1,0.8718446601941748
ID_80F99E06,0,0.27766990291262134
ID_F2135D0E,1,0.5522330097087379
ID_86385DE9,0,0.18019417475728156
ID_2C6A24F5,0,0.0803883495145631
ID_01930656,0,0.02912621359223301
ID_2045D210,1,0.6638834951456309
ID_3E3FD267,0,0.056796116504854374
ID_439BAA21,0,0.09184466019417475
ID_81F29313,1,0.33825242718446596
ID_82B23887,1,0.8964077669902912
ID_F248F158,1,0.6575728155339806
ID_7834C270,1,0.76
ID_0F39F307,0,0.12844660194174756
ID_4D357587,0,0.14252427184466018
ID_CB8C7FC0,1,0.6971844660194174
ID_9315CAF0,1,0.6219417475728155
ID_12E68B57,0,0.09553398058252427
ID_8D8F789D,1,0.717864077669903
ID_74EADF28,1,0.9237864077669903
ID_536A6DBC,1,0.818252427184466
ID_3377A8AB,1,0.877378640776699
ID_498C39A9,1,0.7884466019417476
ID_CA874018,1,0.3129126213592233
ID_E6D9ABB0,1,0.9475728155339805
ID_6A63EA8F,0,0.2809708737864077
ID_996EAA66,1,0.9210679611650486
ID_D6C7F336,1,0.6937864077669903
ID_0FCFA51D,0,0.08058252427184466
ID_825BF98C,1,0.7942718446601942
ID_3918F407,1,0.8692233009708737
ID_DBC37E40,1,0.3870873786407767
ID_C854A596,1,0.689126213592233
ID_716754D3,1,0.8181553398058252
ID_E312B5F1,0,0.08495145631067963
ID_70C24D73,0,0.16184466019417473
ID_569A1AC9,1,0.7606796116504855
ID_707C2916,1,0.7475728155339805
ID_0D93CC80,1,0.7009708737864079
ID_136D179F,0,0.27864077669902915
ID_FD7104D3,0,0.01912621359223301
ID_15396813,0,0.10067961165048545
ID_D89FA3F8,0,0.13067961165048544
ID_E308FE82,0,0.10563106796116505
ID_84CD0003,1,0.7660194174757281
ID_5B04ACA0,1,0.8162135922330097
ID_D46ACFEB,0,0.10029126213592232
ID_22D9DBCB,0,0.19932038834951457
ID_A1A026D9,0,0.0629126213592233
ID_9024FD7B,1,0.8088349514563106
ID_B2C93644,1,0.7724271844660194
ID_FB39175E,1,0.41485436893203886
ID_1DB32B9D,1,0.34941747572815535
ID_90C6A3D0,1,0.7613592233009708
ID_846D8421,1,0.8100970873786407
ID_941E8BDE,1,0.6846601941747573
ID_CB5439AA,0,0.1421359223300971
ID_9F0A3029,1,0.3746601941747573
ID_6DD0764E,1,0.3748543689320389
ID_BF079D9B,0,0.2632038834951456
ID_B5A62F88,1,0.5863106796116505
ID_51E638D8,1,0.652621359223301
ID_C27F2A95,0,0.18174757281553397
ID_810F9EF0,0,0.2141747572815534
ID_7FBEF275,1,0.7617475728155341
ID_609394D9,0,0.17262135922330096
ID_E2EB39B2,0,0.14504854368932038
ID_5BB483C7,1,0.7738834951456312
ID_3ACA4301,1,0.8212621359223301
ID_A791B2D6,1,0.3972815533980582
ID_921C784B,1,0.32854368932038835
ID_177D2958,0,0.16242718446601942
ID_D35A3A4F,1,0.7381553398058252
ID_072F6799,1,0.772135922330097
ID_1D00052B,1,0.8379611650485437
ID_CCA8BDAB,1,0.7127184466019418
ID_D0A99844,1,0.7289320388349514
ID_F8009D80,1,0.6241747572815534
ID_AFB4934C,1,0.41
ID_C491377E,0,0.08310679611650486
ID_B4F9E365,1,0.9189320388349514
ID_84A6A866,1,0.4422330097087379
ID_2F1547ED,0,0.03155339805825243
ID_528E3E1F,0,0.11427184466019416
ID_1B2D8DA3,1,0.8012621359223301
ID_4D0BE9CE,1,0.3043689320388349
ID_E9456C2F,0,0.06242718446601942
ID_D46D8868,1,0.4830097087378641
ID_0D076EF3,0,0.18349514563106797
ID_F70D46BF,1,0.5040776699029126
ID_63788172,1,0.410873786407767
ID_84481A28,1,0.8889320388349513
ID_8B0FD419,0,0.18417475728155341
ID_88FBD9FE,1,0.75
ID_AFF92F3B,1,0.29242718446601945
ID_4620C088,0,0.023592233009708738
ID_D416683A,0,0.23941747572815536
ID_951DDB23,1,0.677864077669903
ID_AF3466F9,1,0.4195145631067961
ID_0256959F,1,0.3120388349514563
ID_27EAF684,0,0.2740776699029126
ID_8E1CFC61,1,0.6450485436893204
ID_2F705845,0,0.047572815533980586
ID_0A870699,1,0.8536893203883495
ID_CD27AC3C,1,0.7619417475728155
ID_2C9E9B22,0,0.22349514563106798
ID_ECEF8B2C,1,0.32553398058252425
ID_8987366A,0,0.09262135922330098
ID_D4F9857F,0,0.2606796116504854
ID_761512B5,0,0.04223300970873786
ID_61CC884E,0,0.1074757281553398
ID_BA5A8386,1,0.78
ID_42AD4C93,0,0.04359223300970874
ID_ECF4B640,0,0.24621359223300973
ID_BBAAC453,1,0.3125242718446602
ID_2A52C626,1,0.38097087378640776
ID_2FC523DC,1,0.8199999999999998
ID_86823F0B,0,0.09601941747572816
ID_B8FC1F2F,0,0.22699029126213593
ID_E925B66F,0,0.1704854368932039
ID_EA5BFDFC,0,0.1559223300970874
ID_A8162D4B,1,0.4784466019417476
ID_3A26993B,0,0.20475728155339804
ID_4E786A09,0,0.04475728155339806
ID_24772B21,0,0.14281553398058253
ID_A4A2D7C7,1,0.6631067961165049
ID_95F38480,0,0.16339805825242718
ID_B5DAA9EB,0,0.1824271844660194
ID_B12865A6,0,0.20242718446601943
ID_DE54B4C0,0,0.0345631067961165
ID_8947AF2C,1,0.8201941747572815
ID_3F6E9CE1,1,0.305242718446602
ID_622D8A31,1,0.7336893203883496
ID_D224B5BE,1,0.43495145631067955
ID_134EC5DE,1,0.36883495145631073
ID_1C941F23,1,0.8866990291262136
ID_92050DCB,1,0.34786407766990296
ID_F3C39475,1,0.48427184466019413
ID_95A802BA,0,0.2224271844660194
ID_FB341D39,1,0.7736893203883495
ID_9871A190,0,0.12495145631067961
ID_86247DBC,1,0.42922330097087374
ID_FB3C08D5,1,0.3262135922330097
ID_1877818E,0,0.21776699029126212
ID_91980D61,0,0.12
ID_459CFCFF,1,0.31145631067961166
ID_52E765DB,1,0.8256310679611651
ID_88E7F564,1,0.7559223300970874
ID_23875176,1,0.8242718446601942
ID_540A7CD2,1,0.8032038834951457
ID_9F62E63D,0,0.0036893203883495147
ID_167CF914,0,0.061262135922330097
ID_985AE903,0,0.25145631067961166
ID_40A1C103,0,0.12990291262135922
ID_B5CD7941,1,0.7472815533980584
ID_E2EE0B60,0,0.19019417475728156
ID_5BFDAF55,0,0.12893203883495147
ID_B853DFB5,0,0.03737864077669903
ID_9ACC49DA,1,0.3718446601941747
ID_0E2726F9,0,0.040776699029126215
ID_178E6372,1,0.33106796116504855
ID_B774E80B,0,0.03961165048543689
ID_B41C407F,1,0.3559223300970874
ID_1A16618C,0,0.062135922330097085
ID_7A38355E,1,0.7051456310679611
ID_B95E2884,0,0.0850485436893204
ID_486C0198,0,0.23854368932038836
ID_DC8E3C88,1,0.7811650485436893
ID_22D77532,0,0.24135922330097087
ID_C8D6B3EE,0,0.13087378640776698
ID_BFF5DE26,1,0.7775728155339806
ID_A72C1369,0,0.10116504854368932
ID_5062503C,1,0.7050485436893205
ID_A2F2E5E6,0,0.1954368932038835
ID_5BAACDFE,1,0.7815533980582524
ID_F6AFCC99,1,0.8667961165048543
ID_F54AA6DE,1,0.8278640776699029
ID_5D247138,1,0.842135922330097
ID_5F839CA2,1,0.879126213592233
ID_D04A96CC,1,0.4761165048543689
ID_9A614080,0,0.04766990291262136
ID_1731B0E1,1,0.6238834951456311
ID_E012245E,1,0.7486407766990292
ID_4588F2E5,1,0.7404854368932038
ID_8454A209,0,0.03650485436893204
ID_9293E58F,1,0.449126213592233
ID_8D84F4BA,1,0.6857281553398057
ID_7623AA39,0,0.00912621359223301
ID_ED18E367,1,0.3163106796116505
ID_98E829DD,1,0.2979611650485437
ID_22BFF34D,1,0.7321359223300972
ID_0167AD33,1,0.7722330097087379
ID_76A60DA1,0,0.04941747572815534
ID_04F500FF,1,0.3981553398058253
ID_46ECC605,0,0.2728155339805825
ID_614EEDC9,1,0.7320388349514563
ID_6FECC7E5,1,0.3623300970873787
ID_2C9C0305,1,0.7387378640776698
ID_F7B32980,1,0.6925242718446601
ID_BBD58F09,1,0.725631067961165
ID_302E21FD,1,0.6994174757281553
ID_2A383365,1,0.700873786407767
ID_52FBB47E,0,0.24980582524271847
ID_31CAA276,1,0.6052427184466019
ID_37081CA2,1,0.6230097087378641
ID_CB8E4CF3,1,0.6345631067961164
ID_F47B39FB,1,0.40805825242718446
ID_FCC643CF,1,0.49980582524271844
ID_27D6A018,0,0.08912621359223301
ID_4FD92E7F,1,0.6529126213592232
ID_5EA52FD4,1,0.8231067961165048
ID_B617A0B2,1,0.815631067961165
ID_782478AF,1,0.6057281553398057
ID_38EC8944,1,0.5253398058252428
ID_1ACDD97F,1,0.8550485436893204
ID_9EDB4157,0,0.2029126213592233
ID_05CC5051,1,0.7195145631067962
ID_A8D54989,0,0.1403883495145631
ID_FE510473,1,0.6704854368932038
ID_04B8CE61,0,0.25728155339805825
ID_3B5B271A,1,0.6553398058252428
ID_1DEE523A,0,0.025145631067961166
ID_1E95D879,1,0.6844660194174758
ID_71B160EE,1,0.5712621359223302
ID_2A596B35,0,0.06009708737864078
ID_15486BB9,1,0.6288349514563106
ID_C0ABA923,0,0.016893203883495148
ID_B3BE1FE9,1,0.33155339805825246
ID_F50E013F,1,0.6676699029126214
ID_3F61C60B,0,0.06631067961165049
ID_3F1E2CD8,1,0.7113592233009709
ID_0A971289,1,0.7232038834951457
ID_03E2D383,1,0.7766990291262136
ID_5D204076,1,0.6166990291262135
ID_0686654B,1,0.3931067961165049
ID_D0B4DE66,1,0.3634951456310679
ID_7126CFA9,1,0.733495145631068
ID_A2486114,1,0.7237864077669903
ID_5E476866,1,0.6976699029126213
ID_D7E29E78,1,0.6619417475728155
ID_A401EE14,1,0.7612621359223302
ID_4FC64B34,1,0.8464077669902912
ID_D4F633DD,1,0.29893203883495145
ID_A0C3071F,1,0.6667961165048544
ID_BBCAFC5F,1,0.728640776699029
ID_9ADBC631,0,0.02815533980582524
ID_7F302EC2,1,0.7373786407766991
ID_6B5C208F,0,0.09475728155339806
ID_83892D2F,0,0.10728155339805825
ID_EFE92331,1,0.686504854368932
ID_CB26602E,0,0.14679611650485438
ID_9A43B5BC,1,0.7173786407766989
ID_5A135691,0,0.1571844660194175
ID_EE841349,1,0.6301941747572815
ID_75CD9AED,1,0.36368932038834956
ID_5388DDBA,1,0.6819417475728154
ID_E429B966,1,0.6581553398058252
ID_35E9CE90,0,0.04961165048543689
ID_72B016C7,0,0.04514563106796117
ID_CC5072C7,0,0.014174757281553398
ID_9D858406,0,0.20912621359223302
ID_FA606576,1,0.6527184466019417
ID_99410CC9,1,0.662621359223301
ID_22C205EB,1,0.6509708737864078
ID_006DCA07,1,0.3605825242718447
ID_D3540D0E,1,0.5592233009708738
ID_B181CD3F,0,0.016116504854368933
ID_8F219D52,1,0.5498058252427185
ID_5ED91935,1,0.6472815533980582
ID_771470D7,1,0.5719417475728156
ID_73CAE2AE,1,0.6414563106796117
ID_49EE564D,0,0.09233009708737863
ID_C65FCF01,0,0.05757281553398058
ID_4A540B83,1,0.633495145631068
ID_D03EB2D5,1,0.5445631067961165
ID_1525DC3E,1,0.6394174757281553
ID_E6A88E0D,1,0.6579611650485436
ID_5D3867EB,1,0.6595145631067961
ID_EA33EC25,1,0.563009708737864
ID_1D677930,1,0.5777669902912622
ID_B53D5B90,1,0.6633009708737864
ID_50FFD280,1,0.7262135922330097
ID_2BDC8AA4,1,0.5504854368932038
ID_B3605B4D,0,0.11883495145631066
ID_AE47F0F7,1,0.6157281553398057
ID_16A018CB,1,0.5731067961165048
ID_720785CB,1,0.6212621359223301
ID_B799239D,1,0.5845631067961164
ID_437ED2F1,1,0.2920388349514563
ID_7D5813AC,1,0.6430097087378641
ID_D3CAE29D,1,0.4685436893203883
ID_144620C3,0,0.11669902912621359
ID_52C8952F,1,0.46048543689320387
ID_884EA7F1,1,0.5775728155339805
ID_E6A9BFC0,0,0.1366990291262136
ID_DBC768CB,1,0.4518446601941748
ID_7784F392,1,0.42514563106796116
ID_7B9B4263,1,0.6024271844660195
ID_B1CF77F8,0,0.17834951456310683
ID_A1A94174,1,0.5987378640776699
ID_CF2E8085,0,0.14825242718446602
ID_DB02126F,1,0.4248543689320389
ID_49882C60,0,0.3003883495145631
ID_C63D56D5,1,0.6633980582524271
ID_02D51717,1,0.5079611650485436
ID_954CBC81,1,0.3316504854368932
ID_C055BEFC,1,0.6241747572815534
ID_AC683379,1,0.6227184466019418
ID_9E7DBF53,1,0.32650485436893206
ID_5EB875B2,1,0.6042718446601941
ID_5E77E448,1,0.37708737864077674
ID_CC3F86C7,1,0.31155339805825244
ID_2F4A5A96,1,0.44087378640776703
ID_8287C57C,1,0.574368932038835
ID_A6AD2CBC,1,0.5127184466019417
ID_A82A687F,0,0.04320388349514563
ID_701AC83D,1,0.3775728155339806
ID_57727844,0,0.2709708737864078
ID_94CEB354,1,0.5060194174757282
ID_50E3E2AE,1,0.502621359223301
ID_646D617F,0,0.2686407766990291
ID_2E1B02E1,1,0.46233009708737866
ID_200A3BC5,1,0.37184466019417484
ID_4AF83B98,0,0.10058252427184466
ID_A325DAA1,1,0.4862135922330097
ID_297F9520,0,0.24262135922330097
ID_50B18C66,0,0.18330097087378644
ID_B888E881,1,0.43291262135922337
ID_6A693FA9,0,0.06436893203883495
ID_F570FEDB,1,0.4267961165048544
ID_13B39D72,0,0.062135922330097085
ID_D992BD42,0,0.019417475728155338
ID_814BFE2A,1,0.4900970873786408
ID_D411550E,1,0.528252427184466
ID_2892CFC2,1,0.5991262135922331
ID_585EE8A5,1,0.48310679611650487
ID_47F36258,1,0.5832038834951456
ID_086BF3D6,1,0.5020388349514563
ID_8CA9541B,1,0.47271844660194173
ID_8002205A,1,0.5858252427184466
ID_85B6A3C2,1,0.30446601941747575
ID_5AD2BD30,1,0.6013592233009709
ID_1963EFB3,0,0.24611650485436892
ID_7395017A,1,0.5283495145631067
ID_E61EC312,1,0.43533980582524273
ID_AB569713,1,0.332621359223301
ID_E94C9321,1,0.3099029126213592
ID_945A8A14,0,0.24757281553398058
ID_D9505F8B,1,0.5556310679611651
ID_07D37772,1,0.33097087378640777
ID_C9BE095C,0,0.2790291262135922
ID_F95A30AB,0,0.03446601941747573
ID_F5CCC3CE,0,0.24699029126213592
ID_C371D420,0,0.17029126213592233
ID_3DEE48F8,0,0.23757281553398057
ID_BA75D1F6,0,0.21300970873786407
ID_B41984EB,1,0.503495145631068
ID_131B2628,1,0.582135922330097
ID_0580C84E,1,0.4552427184466019
ID_C575D4C2,1,0.41242718446601945
ID_D17A03A7,0,0.18563106796116505
ID_7B345817,1,0.4772815533980582
ID_005ED879,1,0.5312621359223301
ID_1690A21F,0,0.07407766990291262
ID_2FD873B7,0,0.21737864077669902
ID_3FA81345,1,0.47330097087378636
ID_88FA7808,1,0.42038834951456305
ID_1F0D149C,0,0.037864077669902914
ID_3376BE57,1,0.5521359223300971
ID_131E28BE,1,0.48126213592233014
ID_F2090260,0,0.19961165048543686
ID_08DABC1A,1,0.5493203883495146
ID_52B36550,1,0.5922330097087379
ID_2EDED264,1,0.4283495145631068
ID_8E75754A,1,0.5314563106796116
ID_7287BC35,1,0.47640776699029125
ID_866D32E0,0,0.008640776699029126
ID_578F79E1,0,0.19747572815533979
ID_AAB742CE,0,0.1309708737864078
ID_15DCC4A1,1,0.5830097087378641
ID_79856E17,1,0.488252427184466
ID_48EDA830,1,0.5851456310679611
ID_13E3897A,1,0.5672815533980583
ID_339328A8,1,0.64873786407767
ID_A5B08786,1,0.6736893203883495
ID_76479068,1,0.5761165048543688
ID_213771F2,0,0.20058252427184464
ID_CFE5920E,1,0.3533009708737864
ID_044494D0,1,0.4592233009708738
ID_38964A48,1,0.4095145631067961
ID_AF48463A,1,0.42213592233009706
ID_A47C81B0,1,0.48718446601941745
ID_363BF066,1,0.604368932038835
ID_319F9F11,1,0.47262135922330095
ID_FA327E0E,1,0.42640776699029126
ID_8B47DDFF,1,0.5429126213592232
ID_7C2091B9,0,0.0241747572815534
ID_6EE69B0D,1,0.4662135922330097
ID_3EC4D865,1,0.48766990291262136
ID_6EF127B9,1,0.5125242718446602
ID_6212C6A0,1,0.3066990291262136
ID_73BD9B55,0,0.2689320388349514
ID_48710A33,0,0.2951456310679611
ID_9F378BBA,1,0.29699029126213594
ID_F1F95B68,1,0.49281553398058253
ID_36C7DD36,1,0.6066990291262135
ID_D2049886,1,0.2840776699029126
ID_C587EF64,1,0.497378640776699
ID_42F42752,1,0.3218446601941748
ID_5079E721,1,0.555242718446602
ID_BEDC9979,0,0.06184466019417476
ID_EFCB896F,1,0.43145631067961165
ID_193B5730,1,0.37485436893203883
ID_B00D5BE9,1,0.4720388349514563
ID_09CC6075,0,0.12592233009708736
ID_ACB0BFAA,0,0.11300970873786408
ID_919A1A44,1,0.4561165048543689
ID_2553FC19,1,0.6289320388349514
ID_89282CE8,1,0.4449514563106796
ID_A4A83A70,1,0.5258252427184467
ID_9D58A389,0,0.12660194174757283
ID_39FEA5BE,1,0.5542718446601942
ID_4DF5742A,1,0.6819417475728156
ID_D89E7EB1,1,0.49174757281553394
ID_378362AC,1,0.5407766990291262
ID_E005FD7B,1,0.43504854368932044
ID_6D221F3F,0,0.10699029126213591
ID_1CCA366E,1,0.5039805825242718
ID_3E15F61C,1,0.43398058252427185
ID_B3062E82,0,0.0034951456310679616
ID_E7C58C9F,1,0.5667961165048543
ID_9A30F0A1,1,0.5540776699029126
ID_A9E32FDF,1,0.38067961165048547
ID_D1C04988,1,0.5757281553398057
ID_86FD2E5E,1,0.5139805825242718
ID_F85084F1,1,0.4120388349514563
ID_6C79B80E,0,0.18689320388349515
ID_641E6DFE,1,0.5329126213592233
ID_7441A196,0,0.06718446601941747
ID_1564B9F5,1,0.4394174757281553
ID_931B5FE1,1,0.33291262135922334
ID_637D9E73,1,0.43621359223300965
ID_2C3E9488,0,0.04601941747572815
ID_F54DC975,0,0.19922330097087376
ID_F7FCC396,1,0.538252427184466
ID_8F61D00C,1,0.2881553398058253
ID_890F1B88,1,0.4962135922330097
ID_8FA74192,1,0.44563106796116503
ID_69E42528,1,0.4436893203883495
ID_44325939,1,0.5628155339805826
ID_CF88F53D,1,0.7130097087378641
ID_25AE799B,0,0.011359223300970873
ID_D1479C87,1,0.5225242718446602
ID_010986EF,1,0.6497087378640777
ID_7F3812BB,1,0.6135922330097088
ID_9C186D11,1,0.41563106796116506
ID_AE1D5DDC,1,0.4922330097087379
ID_F637D491,1,0.5021359223300971
ID_D851C917,1,0.37000000000000005
ID_E52AD25B,1,0.2939805825242719
ID_C6F9F1B4,1,0.525631067961165
ID_DB23A499,0,0.22902912621359223
ID_57C6B9E3,1,0.5265048543689321
ID_FBEAD3BE,0,0.0912621359223301
ID_D51839F8,1,0.4718446601941748
ID_C222079F,1,0.4433980582524272
ID_E52BA1F9,0,0.11689320388349514
ID_8F82CE3F,1,0.3619417475728156
ID_465E85C8,1,0.44621359223300966
ID_73252921,1,0.4361165048543689
ID_88085FD6,1,0.5072815533980581
ID_1880C4DA,0,0.26932038834951455
ID_83DE95DB,0,0.12456310679611651
ID_C42E904C,1,0.5170873786407767
ID_1505E510,1,0.5605825242718446
ID_ABCD6735,1,0.280873786407767
ID_7F075023,1,0.6089320388349515
ID_A10C2622,1,0.5453398058252428
ID_349450A8,0,0.22145631067961166
ID_56BD98C0,0,0.0023300970873786405
ID_79652E47,0,0.04514563106796116
ID_153F5F06,1,0.3674757281553398
ID_F066081E,1,0.4821359223300971
ID_8BCEDF1C,1,0.4801941747572816
ID_97657485,1,0.4501941747572815
ID_D586D676,1,0.5529126213592233
ID_F5C6DBD2,1,0.5366990291262136
ID_9A09C017,0,0.26941747572815533
ID_17D6C3FF,0,0.28524271844660193
ID_DFBD516A,1,0.5620388349514562
ID_9EF6CCE1,0,0.2624271844660194
ID_7F734618,0,0.108252427184466
ID_DE3B27E2,1,0.5078640776699029
ID_C88525D4,0,0.08271844660194175
ID_7B1F877F,1,0.501747572815534
ID_74EC6B97,1,0.5284466019417475
ID_B51D88FA,1,0.5346601941747573
ID_4E93276E,1,0.5144660194174757
ID_89E21611,1,0.5512621359223302
ID_DA038928,1,0.3553398058252427
ID_41919990,1,0.40048543689320387
ID_C7CF54E8,1,0.5744660194174758
ID_013744F3,1,0.5555339805825242
ID_5C7FBC6B,1,0.6084466019417475
ID_BDADE0D7,1,0.5763106796116504
ID_8DF883D2,0,0.16446601941747574
ID_0676190A,1,0.6130097087378641
ID_56E935BA,1,0.6072815533980583
ID_4DF41587,1,0.6143689320388349
ID_3F2C77EB,0,0.040485436893203886
ID_8BDC07EF,1,0.5219417475728155
ID_BF8D1B66,0,0.24398058252427185
ID_451155EB,1,0.5193203883495146
ID_C9349F29,1,0.5092233009708738
ID_36BA6093,1,0.4562135922330097
ID_35CECC9A,1,0.526504854368932
ID_BBF46F32,1,0.5970873786407767
ID_217B5C98,1,0.533883495145631
ID_3DBE7E47,0,0.07155339805825243
ID_FA776E81,1,0.628252427184466
ID_E29DADEA,1,0.4697087378640777
ID_911AD860,1,0.29883495145631067
ID_CAC43CF7,1,0.5621359223300971
ID_A3FBDDCC,1,0.5289320388349514
ID_A6652C52,1,0.4823300970873786
ID_82DEF492,1,0.41650485436893203
